a,V1,V2,c1,c2,s1,s2
-1,-51.7770680083347,-51.0862237343926,0.79,0.958741062101137,0,0.231258937898863
-0.91796875,-51.6661098126872,-50.996980218245,0.859824808803584,0.971369176850376,-0.0690044963035844,0.219451135649624
-0.8359375,-51.5619086055313,-50.9100420085729,0.887264876155298,0.981951443165145,-0.0956242511552984,0.209689181834855
-0.75390625,-51.4622586351863,-50.8249675284394,0.907300348753161,0.991299947886843,-0.114839411253161,0.201160989613157
-0.671875,-51.3660776845729,-50.7414900806307,0.923517505764281,0.999780784678019,-0.130236255764281,0.19350046532198
-0.58984375,-51.2727095172754,-50.6594228537874,0.937325101590728,1.00760267743455,-0.143223539090728,0.186498885065454
-0.5078125,-51.1817104707324,-50.5786248364954,0.949448130598422,1.01489995944289,-0.154526255598422,0.18002191555711
-0.42578125,-51.0927595453539,-50.4989845416669,0.960316585239088,1.02176588215086,-0.164574397739088,0.173976305349141
-0.34375,-51.0056133554738,-50.4204109627046,0.97020936570687,1.02826864797658,-0.17364686570687,0.168293852023419
-0.26171875,-50.920080888102,-50.3428280392026,0.979318964099235,1.03446009028554,-0.181936151599235,0.162922722214457
-0.1796875,-50.8360081978487,-50.2661710338785,0.987784466563702,1.04038078080378,-0.189581341563702,0.157822344196224
-0.09765625,-50.7532685616467,-50.1903840387908,0.995709982569763,1.04606322859565,-0.196686545069763,0.152960208904349
-0.015625,-50.6717558471277,-50.1154181908816,1.00317566064943,1.05153398378787,-0.20333191064943,0.148309766212125
0.06640625,-50.591379877399,-50.0412303548192,1.01024463292677,1.056815076303,-0.209580570426768,0.143848986196999
0.1484375,-50.5120630912361,-49.9677821257238,1.01696758497572,1.06192503201702,-0.215483209975722,0.139559342982976
0.23046875,-50.4337380746107,-49.8950390578748,1.02338587121536,1.06687961009006,-0.221081183715364,0.135425077409939
0.3125,-50.35634569629,-49.8229700573387,1.02953370268359,1.07169235039667,-0.226408702683587,0.131432649603332
0.39453125,-50.2798336731604,-49.7515468961996,1.03543972268112,1.0763749880767,-0.231494410181124,0.127570324423304
0.4765625,-50.2041554481356,-49.6807438187674,1.0411281665344,1.08093777291019,-0.236362541534403,0.123827852089811
0.55859375,-50.1292692999053,-49.6105372185379,1.04661973159864,1.08538971911502,-0.241033794098636,0.120196218384979
0.640625,-50.05513762761,-49.5409053703923,1.05193224087695,1.08973880335819,-0.24552599087695,0.116667446641812
0.72265625,-49.981726369524,-49.4718282064971,1.05708115675942,1.09399212360689,-0.249854594259418,0.11323443889311
0.8046875,-49.9090045258055,-49.4032871271832,1.06207998402358,1.09815602793626,-0.254033109023583,0.10989084706374
0.88671875,-49.8369437630604,-49.3352648401239,1.0669405897391,1.10223621999214,-0.258073402239097,0.106630967507859
0.96875,-49.7655180839395,-49.2677452226237,1.07167345995299,1.10623784610624,-0.261985959952991,0.103449653893757
1.05078125,-49.694703548958,-49.20071320295,1.07628790766058,1.11016556783198,-0.265780095160579,0.100342244668022
1.1328125,-49.6244780406342,-49.134154657477,1.0807922428193,1.11402362278657,-0.269464117819299,0.0973045022134256
1.21484375,-49.5548210622164,-49.0680563210569,1.0851939124612,1.11781587603194,-0.273045474961204,0.0943325614680641
1.296875,-49.4857135648986,-49.0024057085319,1.08949961704015,1.12154586373588,-0.276530867040147,0.0914228862641167
1.37890625,-49.4171377986718,-48.9371910456841,1.09371540770895,1.12521683048667,-0.27992634520895,0.0885722320133253
1.4609375,-49.3490771829139,-48.8724012082308,1.09784676817956,1.128831761357,-0.28323739317956,0.0857776136430015
1.54296875,-49.2815161935691,-48.8080256677123,1.10189868401686,1.13239340959224,-0.28646899651686,0.0830362779077629
1.625,-49.2144402643481,-48.7440544433146,1.10587570162466,1.13590432063169,-0.289625701624662,0.0803456793683082
1.70703125,-49.1478356998433,-48.6804780588264,1.1097819787147,1.13936685304061,-0.292711666214702,0.0777034594593906
1.7890625,-49.0816895988229,-48.6172875040574,1.11362132770172,1.14278319682257,-0.295730702701718,0.0751074281774313
1.87109375,-49.0159897862581,-48.5544742001484,1.11739725318202,1.14615538950424,-0.298686315682016,0.0725555479957616
1.953125,-48.9507247528811,-48.4920299682898,1.12111298444337,1.14948533031164,-0.301581734443368,0.0700459196883596
2.03515625,-48.8858836012602,-48.4299470014362,1.12477150377978,1.15277479271186,-0.304419941279778,0.0675767697881366
2.1171875,-48.8214559975415,-48.3682178386638,1.12837557124244,1.15602543553653,-0.307203696242443,0.06514643946347
2.19921875,-48.757432128132,-48.306835341865,1.13192774635693,1.15923881288778,-0.30993555885693,0.0627533746122206
2.28125,-48.6938026607116,-48.2457926745195,1.13543040724277,1.16241638297392,-0.31261790724277,0.0603961170260816
2.36328125,-48.6305587090454,-48.1850832823118,1.13888576749762,1.16555951602467,-0.315252954997619,0.0580732964753303
2.4453125,-48.567691801148,-48.1247008753983,1.14229589115733,1.16866950138837,-0.317842766157327,0.0557836236116274
2.52734375,-48.505193850409,-48.0646394121503,1.1456627059873,1.17174755391961,-0.320389268487302,0.0535258835803945
2.609375,-48.4430571293452,-48.0048930842208,1.14898801532409,1.17479481973972,-0.322894265324094,0.0512989302602773
2.69140625,-48.3812742456882,-47.9454563028028,1.15227350865437,1.1778123814408,-0.325359446154369,0.0491016810591987
2.7734375,-48.3198381205529,-47.8863236859612,1.15552077108962,1.18080126280163,-0.327786396089623,0.0469331121983745
2.85546875,-48.2587419684667,-47.8274900469349,1.15873129187041,1.18376243306671,-0.330176604370412,0.0447922544332886
2.9375,-48.1979792790661,-47.7689503833167,1.16190647202183,1.18669681083788,-0.332531472021828,0.0426781891621166
3.01953125,-48.1375438002886,-47.7106998670301,1.16504763125356,1.18960526761908,-0.334852318753557,0.0405900448809167
3.1015625,-48.0774295229132,-47.6527338350309,1.1681560141991,1.19248863105555,-0.3371403891991,0.0385269939444495
3.18359375,-48.0176306663144,-47.595047780667,1.17123279606323,1.19534768789054,-0.339396858563234,0.0364882496094636
3.265625,-47.9581416653153,-47.5376373456414,1.17427908774805,1.19818318667835,-0.341622837748049,0.0344730633216492
3.34765625,-47.8989571580346,-47.480498312523,1.17729594051168,1.20099584026946,-0.343819378011679,0.0324807222305377
3.4296875,-47.8400719746356,-47.4236265977624,1.1802843502116,1.20378632809719,-0.345987475211597,0.03051054690281
3.51171875,-47.7814811268954,-47.3670182451677,1.18324526117546,1.20655529827997,-0.348128073675461,0.0285618892200283
3.59375,-47.723179798521,-47.3106694198048,1.18617956973746,1.20930336955847,-0.350242069737462,0.0266341304415287
3.67578125,-47.6651633361461,-47.2545764022863,1.18908812747782,1.21203113308498,-0.352330314977822,0.0247266794150205
3.7578125,-47.6074272409504,-47.1987355834197,1.19197174418847,1.21473915407505,-0.35439361918847,0.0228389709249541
3.83984375,-47.5499671608478,-47.1431434591863,1.19483119059988,1.21742797333826,-0.356432753099883,0.0209704641617403
3.921875,-47.4927788831975,-47.087796626025,1.19766720088479,1.22009810869196,-0.358448450884787,0.0191206413080449
4.00390625,-47.4358583279927,-47.0326917763989,1.20048047496592,1.22275005627826,-0.360441412465917,0.0172890062217428
4.0859375,-47.3792015414902,-46.977825694623,1.20327168064263,1.2253842917832,-0.362412305642634,0.015475083216796
4.16796875,-47.3228046902455,-46.9231952529345,1.20604145555365,1.22800127157033,-0.364361768053649,0.0136784159296672
4.25,-47.2666640555206,-46.8687974077872,1.20879040899264,1.23060143373928,-0.366290408992635,0.0118985662607189
4.33203125,-47.2107760280372,-46.8146291963557,1.2115191235881,1.23318519911024,-0.368198811088097,0.0101351133897611
4.4140625,-47.1551371030471,-46.7606877332331,1.21422815685907,1.23575297215425,-0.370087531859067,0.00838765284575116
4.49609375,-47.0997438756993,-46.7069702073109,1.21691804266111,1.23830514192733,-0.371957105161105,0.00665579557266693
4.578125,-47.0445930366783,-46.653473878834,1.21958929253227,1.24084208353126,-0.373808042532265,0.00493916646874215
4.66015625,-46.9896813681013,-46.6001960766696,1.22224239698822,1.2433641671337,-0.375640834488224,0.00323739536629652
4.7421875,-46.9350057397006,-46.5471341964262,1.22487782725871,1.24587196581289,-0.37745595225871,0.00154990918711384
4.82421875,-46.8805631064471,-46.4942857162606,1.22749605016171,1.2482421875,-0.379253862661713,0
4.90625,-46.8263508265792,-46.4416529977399,1.23010116233829,1.2490625,-0.381038662338291,0
4.98828125,-46.7723664313233,-46.389235468075,1.232694744403,1.25098294791114,-0.382811931902996,-0.00110013541114062
5.0703125,-46.718607095586,-46.3370247775521,1.23527234258574,1.25345846081529,-0.384569217585738,-0.00275533581528919
5.15234375,-46.6650700383644,-46.2850181895025,1.23783402703574,1.25591568272263,-0.386310589535745,-0.00439224522263126
5.234375,-46.6117525482163,-46.2332134150494,1.24038017423871,1.25835961278672,-0.38803642423871,-0.0060158627867215
5.31640625,-46.5586519813549,-46.1816082287573,1.24291115578546,1.26079067957404,-0.389747093285461,-0.007626617074038
5.3984375,-46.5057657591003,-46.1302004558652,1.24542733013111,1.26320917067365,-0.391442955131112,-0.0092247956736542
5.48046875,-46.4530913654098,-46.0789879698064,1.2479290426657,1.26561535530743,-0.393124355165703,-0.010810667807432
5.5625,-46.4006263445299,-46.0279686904792,1.25041662629512,1.26800949284118,-0.394791626295123,-0.0123844928411774
5.64453125,-46.3483682987643,-45.9771405826634,1.25289040203889,1.27039183400435,-0.396445089538889,-0.0139465215043513
5.7265625,-46.2963148863529,-45.9265016545162,1.25535067959918,1.27276262137663,-0.39808505459918,-0.0154969963766325
5.80859375,-46.2444638194547,-45.8760499561378,1.25779775789641,1.27512208976181,-0.399711820396405,-0.0170361522618105
5.890625,-46.1928128622279,-45.8257835782013,1.26023192557337,1.27747046652825,-0.401325675573366,-0.0185642165282485
5.97265625,-46.1413598290014,-45.7757006506422,1.26265346147097,1.27980797192685,-0.402926898970966,-0.0200814094268522
6.0546875,-46.0901025825331,-45.7257993414056,1.26506263507596,1.28213481939233,-0.404515760075961,-0.021587944392329
6.13671875,-46.0390390323486,-45.6760778552469,1.26745970694179,1.28445121582941,-0.406092519441788,-0.0230840283294129
6.21875,-45.9881671331572,-45.6265344325838,1.26984492908988,1.2867573618819,-0.407657429089881,-0.0245698618818999
6.30078125,-45.9374848833392,-45.5771673483958,1.27221854538285,1.28905345218987,-0.409210732882853,-0.0260456396898654
6.3828125,-45.8869903235016,-45.5279749111707,1.27458079188209,1.29133967563094,-0.410752666882092,-0.027511550630944
6.46484375,-45.8366815350978,-45.4789554618932,1.27693189718416,1.29361621555425,-0.412283459684163,-0.0289677780542501
6.546875,-45.7865566391079,-45.4301073730755,1.2792720827372,1.29588324999552,-0.413803332737196,-0.0304144999955234
6.62890625,-45.7366137947769,-45.3814290478264,1.28160156314431,1.29814095188852,-0.415312500644313,-0.0318518893885169
6.7109375,-45.6868511984059,-45.3329189189581,1.2839205464476,1.30038948926184,-0.416811171447604,-0.0332801142618391
6.79296875,-45.6372670821959,-45.2845754481273,1.28622923439975,1.30262902542751,-0.418299546899748,-0.0346993379275127
6.875,-45.5878597131394,-45.236397125011,1.28852782271922,1.30485971915999,-0.419777822719217,-0.0361097191599939
6.95703125,-45.5386273919583,-45.1883824665127,1.29081650133515,1.30708172486693,-0.421246188835152,-0.0375114123669253
7.0390625,-45.4895684520856,-45.1405300160005,1.29309545461766,1.30929519275298,-0.422704829617658,-0.0389045677529842
7.12109375,-45.4406812586882,-45.0928383425726,1.29536486159887,1.31150026897277,-0.424153924098872,-0.0402893314727673
7.203125,-45.3919642077289,-45.0453060403515,1.29762489617968,1.31369709578167,-0.425593646179678,-0.0416658457816688
7.28515625,-45.3434157250669,-44.9979317278036,1.29987572733023,1.31588581167389,-0.427024164830234,-0.043034249173892
7.3671875,-45.2950342655921,-44.9507140470842,1.30211751927806,1.3180665515195,-0.428445644278057,-0.0443946765195016
7.44921875,-45.2468183123942,-44.9036516634062,1.30435043168845,1.320239446692,-0.429858244188453,-0.0457472591919974
7.53125,-45.1987663759638,-44.8567432644314,1.30657461983493,1.32240462519164,-0.431262119834932,-0.0470921251916383
7.61328125,-45.1508769934239,-44.809987559684,1.30879023476384,1.32456221176258,-0.432657422263836,-0.0484293992625842
7.6953125,-45.1031487277904,-44.7633832799844,1.31099742344955,1.32671232800532,-0.434044298449547,-0.0497592030053156
7.77734375,-45.0555801672603,-44.7169291769031,1.31319632894218,1.32885509248534,-0.43542289144218,-0.0510816549853388
7.859375,-45.0081699245268,-44.6706240222332,1.31538709051109,1.33099062083388,-0.436793340511088,-0.052396870833884
7.94140625,-44.9609166361188,-44.6244666074816,1.31756984377855,1.33311902584773,-0.438155781278549,-0.0537049633477265
8.0234375,-44.9138189617652,-44.5784557433771,1.31974472084972,1.33524041758353,-0.439510345849717,-0.0550060425835279
8.10546875,-44.8668755837815,-44.5325902593952,1.32191185043689,1.33735490344844,-0.440857162936888,-0.056300215948444
8.1875,-44.8200852064787,-44.486869003299,1.32407135797571,1.33946258828555,-0.442196357975709,-0.057587588285555
8.26953125,-44.7734465555932,-44.4412908406952,1.32622336574016,1.3415635744584,-0.443528053240165,-0.0588682619584002
8.3515625,-44.7269583777361,-44.3958546546048,1.32836799294892,1.34365796192956,-0.444852367948921,-0.0601423369295568
8.43359375,-44.6806194398623,-44.3505593450475,1.33050535587049,1.34574584833772,-0.446169418370488,-0.06140991083772
8.515625,-44.6344285287575,-44.3054038286398,1.33263556792043,1.34782732907139,-0.44747931792043,-0.0626710790713851
8.59765625,-44.5883844505428,-44.2603870382062,1.33475873975741,1.34990249733815,-0.448782177257414,-0.0639259348381465
8.6796875,-44.5424860301961,-44.2155079224022,1.33687497937385,1.35197144423394,-0.450078104373846,-0.0651745692339367
8.76171875,-44.4967321110895,-44.1707654453497,1.3389843921829,1.35403425880683,-0.451367204682902,-0.0664170713068337
8.84375,-44.4511215545418,-44.1261585862833,1.34108708110187,1.35609102812021,-0.452649581101868,-0.0676535281202073
8.92578125,-44.4056532393863,-44.0816863392084,1.34318314663299,1.35814183731334,-0.45392533413299,-0.0688840248133358
9.0078125,-44.3603260615524,-44.0373477125684,1.34527268693947,1.36018676965785,-0.455194561939466,-0.0701086446578483
9.08984375,-44.3151389336603,-43.9931417289236,1.34735579792098,1.36222590661504,-0.456457360420982,-0.0713274691150405
9.171875,-44.2700907846296,-43.9490674246391,1.34943257328118,1.36425932788821,-0.45771382328118,-0.0725405778882058
9.25390625,-44.2251805592996,-43.9051238495815,1.35150310460039,1.36628711147419,-0.458964042100392,-0.0737480489741922
9.3359375,-44.1804072180621,-43.8613100668258,1.35356748139785,1.36830933371478,-0.460208106397855,-0.0749499587147822
9.41796875,-44.1357697365052,-43.8176251523701,1.35562579119524,1.37032606934208,-0.461446103695242,-0.07614638184208
9.5,-44.0912671050685,-43.7740681948589,1.35767811957785,1.37233739152599,-0.462678119577854,-0.0773373915259887
9.58203125,-44.0468983287088,-43.7306382953145,1.35972455025282,1.37434337191991,-0.463904237752825,-0.07852305941991
9.6640625,-44.0026624265762,-43.6873345668763,1.36176516510397,1.37634408069978,-0.465124540103971,-0.0797034556997798
9.74609375,-43.9585584316995,-43.6441561345469,1.3638000442474,1.37833958660998,-0.466339106747395,-0.0808786491099829
9.828125,-43.9145853906816,-43.6011021349465,1.36582926608237,1.38032995699969,-0.467548016082365,-0.0820487069996851
9.91015625,-43.8707423634036,-43.5581717160731,1.36785290734102,1.38231525786272,-0.468751344841018,-0.0832136953627198
9.9921875,-43.827028422738,-43.5153640370702,1.36987104313716,1.38429555387578,-0.46994916813716,-0.0843736788757807
10.07421875,-43.7834426542699,-43.4726782680006,1.37188374701287,1.38627090843162,-0.471141559512869,-0.0855287209316189
10.15625,-43.7399841560267,-43.4301135896265,1.37389109098274,1.38824138367615,-0.472328590982737,-0.0866788836761458
10.23828125,-43.6966520382152,-43.3876691931957,1.37589314557661,1.39020704054094,-0.473510333076606,-0.087824228040938
10.3203125,-43.6534454229666,-43.3453442802332,1.37788997988232,1.39216793877432,-0.47468685488232,-0.0889648137743175
10.40234375,-43.6103634440889,-43.3031380623394,1.3798816615848,1.39412413697552,-0.475858224084803,-0.0901006994755236
10.484375,-43.5674052468254,-43.2610497609925,1.38186825700548,1.3960756926218,-0.477024507005482,-0.0912319426217987
10.56640625,-43.5245699876209,-43.2190786073569,1.38384983113913,1.39802266209946,-0.478185768639126,-0.0923585995994611
10.6484375,-43.4818568338944,-43.1772238420965,1.38582644769066,1.39996510073154,-0.479342072690656,-0.0934807257315429
10.73046875,-43.4392649638171,-43.1354847151928,1.38779816910899,1.40190306280575,-0.480493481608989,-0.0945983753057482
10.8125,-43.3967935660975,-43.093860485768,1.3897650566211,1.40383660159877,-0.481640056621098,-0.0957116015987687
10.89453125,-43.3544418397721,-43.0523504219121,1.39172717026593,1.40576576940438,-0.482781857765928,-0.0968204569043751
10.9765625,-43.3122089940011,-43.0109538005151,1.39368456892257,1.40769061755806,-0.48391894392257,-0.0979249925580561
11.05859375,-43.2700942478709,-42.9696699071031,1.39563731034481,1.40961119645806,-0.485051372844805,-0.09902525895806
11.140625,-43.2280968302002,-42.9284980356788,1.39758545118696,1.41152755559228,-0.486179201186962,-0.100121305592284
11.22265625,-43.1862159793527,-42.8874374885656,1.39952904703432,1.41343974355862,-0.487302484534325,-0.101213181058621
11.3046875,-43.144450943054,-42.8464875762558,1.40146815242925,1.41534780808675,-0.488421277429247,-0.10230093308675
11.38671875,-43.1028009782131,-42.8056476172628,1.40340282089972,1.41725179606073,-0.489535633399723,-0.103384608560734
11.46875,-43.0612653507489,-42.764916937977,1.40533310498333,1.41915175353704,-0.490645604983328,-0.104464253537041
11.55078125,-43.0198433354215,-42.7242948725244,1.40725905625268,1.42104772576844,-0.491751243752684,-0.105539913268441
11.6328125,-42.9785342156666,-42.6837807626294,1.40918072533959,1.42293975721702,-0.492852600339592,-0.106611632217021
11.71484375,-42.9373372834354,-42.6433739574813,1.41109816195919,1.42482789157984,-0.493949724459186,-0.10767945407984
11.796875,-42.8962518390378,-42.6030738136025,1.41301141493069,1.42671217180179,-0.495042664930692,-0.108743421801788
11.87890625,-42.8552771909898,-42.5628796947216,1.41492053220143,1.42859264009515,-0.496131469701431,-0.109803577595146
11.9609375,-42.8144126558646,-42.5227909716481,1.41682556086699,1.43046933795702,-0.497216185866991,-0.110859962957024
12.04296875,-42.7736575581471,-42.4828070221513,1.41872654719215,1.43234230618542,-0.498296859692147,-0.111912618685422
12.125,-42.7330112300927,-42.4429272308405,1.42062353662989,1.43421158489486,-0.499373536629894,-0.112961584894858
12.20703125,-42.6924730115888,-42.4031509890498,1.42251657384259,1.43607721353237,-0.500446261342595,-0.11400690103237
12.2890625,-42.6520422500199,-42.363477694724,1.42440570271921,1.43793923089285,-0.501515077719206,-0.115048605892849
12.37109375,-42.611718300136,-42.3239067523078,1.4262909663942,1.43979767513317,-0.502580028894199,-0.116086737633167
12.453125,-42.5715005239246,-42.2844375726379,1.42817240726571,1.4416525837876,-0.503641157265711,-0.117121333787596
12.53515625,-42.5313882904844,-42.2450695728366,1.43005006701089,1.44350399377991,-0.504698504510891,-0.118152431279907
12.6171875,-42.4913809759035,-42.2058021762086,1.43192398660466,1.44535194143873,-0.505752111604656,-0.119180066438728
12.69921875,-42.4514779631395,-42.1666348121401,1.43379420633475,1.44719646250936,-0.506802018834748,-0.120204275009363
12.78125,-42.4116786419029,-42.1275669159991,1.43566076581781,1.44903759216744,-0.507848265817814,-0.121225092167444
12.86328125,-42.3719824085427,-42.0885979290397,1.43752370401383,1.45087536502981,-0.508890891513825,-0.122242552529813
12.9453125,-42.3323886659353,-42.0497272983065,1.43938305924267,1.45270981516964,-0.509929934242665,-0.123256690169637
13.02734375,-42.2928968233751,-42.0109544765429,1.44123886919628,1.45454097612381,-0.510965431696277,-0.124267538623809
13.109375,-42.2535062964683,-41.9722789221003,1.44309117095409,1.45636888090848,-0.51199742095409,-0.125275130908481
13.19140625,-42.2142165070289,-41.9337000988493,1.44494000099682,1.45819356202739,-0.513025938496821,-0.126279499527386
13.2734375,-42.1750268829768,-41.8952174760934,1.44678539521789,1.46001505148455,-0.514051020217891,-0.127280676484553
13.35546875,-42.1359368582385,-41.8568305284842,1.44862738893947,1.46183338079277,-0.515072701439467,-0.128278693292769
13.4375,-42.0969458726497,-41.818538735938,1.45046601692038,1.46364858098554,-0.516091016920376,-0.129273580985536
13.51953125,-42.0580533718604,-41.7803415835552,1.45230131337328,1.46546068262686,-0.517106000873278,-0.130265370126856
13.6015625,-42.0192588072415,-41.7422385615403,1.45413331197223,1.46726971581995,-0.518117686972231,-0.131254090819946
13.68359375,-41.9805616357942,-41.704229165124,1.45596204586699,1.46907571021764,-0.519126108366991,-0.13223977271764
13.765625,-41.941961320061,-41.6663128944875,1.45778754769292,1.47087869503106,-0.520131297692919,-0.133222445031058
13.84765625,-41.903457328038,-41.6284892546872,1.45960984958139,1.47267869903822,-0.521133287081394,-0.134202136538222
13.9296875,-41.8650491330903,-41.5907577555817,1.46142898317227,1.4744757505946,-0.522132108172267,-0.135178875594605
14.01171875,-41.8267362138685,-41.5531179117606,1.46324497962221,1.47626987763924,-0.523127792122208,-0.136152690139243
14.09375,-41.7885180542265,-41.5155692424736,1.4650578696153,1.47806110770446,-0.524120369615298,-0.137123607704464
14.17578125,-41.7503941431422,-41.4781112715625,1.46686768337409,1.47984946792387,-0.525109870874087,-0.13809165542387
14.2578125,-41.7123639746389,-41.4407435273931,1.46867445066699,1.48163498504,-0.526096325666992,-0.139056860040003
14.33984375,-41.6744270477087,-41.4034655427896,1.47047820081851,1.4834176854112,-0.527079763318512,-0.140019247911205
14.421875,-41.6365828662372,-41.3662768549697,1.47227896271952,1.48519759502119,-0.52806021271952,-0.140978845021185
14.50390625,-41.5988309389307,-41.3291770054813,1.47407676483351,1.48697473948435,-0.529037702333506,-0.141935676984345
14.5859375,-41.5611707792434,-41.2921655401402,1.47587163520709,1.48874914405386,-0.530012260207087,-0.142889769053864
14.66796875,-41.5236019053071,-41.255242008969,1.47766360147815,1.49052083362838,-0.530983913978154,-0.143841146128377
14.75,-41.4861238398625,-41.2184059661375,1.479452690883,1.49228983275861,-0.531952690883001,-0.144789832758613
14.83203125,-41.4487361101907,-41.1816569699039,1.48123893026467,1.49405616565522,-0.532918617764672,-0.145735853155224
14.9140625,-41.4114382480475,-41.1449945825574,1.48302234608211,1.49581985619229,-0.533881721082114,-0.146679231192291
14.99609375,-41.3742297895981,-41.1084183703619,1.48480296441501,1.49758092791806,-0.534842026915006,-0.147619990418061
15.078125,-41.3371102753533,-41.0719279035005,1.48658081097405,1.49933940405658,-0.53579956097405,-0.148558154056585
15.16015625,-41.3000792501069,-41.0355227560209,1.48835591110505,1.50109530751658,-0.536754348605054,-0.149493745016577
15.2421875,-41.2631362628747,-40.9992025057831,1.49012828979922,1.50284866089685,-0.537706414799223,-0.150426785896851
15.32421875,-41.2262808668343,-40.962966734406,1.49189797169736,1.50459948649115,-0.538655784197364,-0.15135729899115
15.40625,-41.189512619266,-40.9268150272168,1.49366498109816,1.50634780629458,-0.539602481098161,-0.152285306294579
15.48828125,-41.1528310814951,-40.8907469732007,1.4954293419631,1.50809364200846,-0.540546529463095,-0.15321082950846
15.5703125,-41.1162358188353,-40.8547621649512,1.49719107792472,1.5098370150461,-0.541487952924715,-0.154133890046097
15.65234375,-41.0797264005333,-40.8188601986216,1.49895021229141,1.51157794653821,-0.542426774791405,-0.15505450903821
15.734375,-41.0433023997138,-40.7830406738776,1.50070676805426,1.51331645733741,-0.543363018054258,-0.155972707337408
15.81640625,-41.0069633933261,-40.7473031938507,1.50246076789164,1.51505256802337,-0.544296705391638,-0.156888505523373
15.8984375,-40.9707089620919,-40.7116473650918,1.50421223417728,1.51678629890785,-0.545227859177283,-0.157801923907854
15.98046875,-40.9345386904537,-40.6760727975264,1.50596118898319,1.51851767003929,-0.546156501483191,-0.158712982539285
16.0625,-40.8984521665238,-40.6405791044108,1.50770765408815,1.52024670120868,-0.547082654088151,-0.159621701208684
16.14453125,-40.8624489820351,-40.6051659022877,1.50945165097927,1.52197341195136,-0.548006338479268,-0.160528099451363
16.2265625,-40.8265287322925,-40.5698328109444,1.51119320086128,1.52369782155369,-0.548927575861281,-0.161432196553694
16.30859375,-40.7906910161245,-40.5345794533703,1.51293232465863,1.52541994905757,-0.549846387158633,-0.162334011557572
16.390625,-40.7549354358369,-40.4994054557159,1.51466904302303,1.52713981326252,-0.550762793023025,-0.163233563262519
16.47265625,-40.7192615971661,-40.4643104472525,1.51640337633529,1.52885743273269,-0.55167681383529,-0.164130870232685
16.5546875,-40.6836691092344,-40.4292940603319,1.51813534471269,1.53057282579825,-0.552588469712687,-0.165025950798254
16.63671875,-40.6481575845051,-40.394355930348,1.51986496801285,1.53228601056175,-0.553497780512849,-0.165918823061747
16.71875,-40.6127266387392,-40.3594956956979,1.52159226583781,1.53399700489991,-0.554404765837814,-0.16680950489991
16.80078125,-40.5773758909521,-40.3247129977444,1.52331725753893,1.5357058264695,-0.555309445038926,-0.167698013969503
16.8828125,-40.5421049633719,-40.2900074807788,1.52503996222183,1.5374124927081,-0.55621183722183,-0.168584367708095
16.96484375,-40.5069134813979,-40.2553787919843,1.52676039874891,1.53911702084136,-0.557111961248909,-0.169468583341361
17.046875,-40.4718010735596,-40.2208265814005,1.52847858574613,1.54081942788402,-0.558009835746127,-0.170350677884018
17.12890625,-40.4367673714773,-40.1863505018879,1.53019454160457,1.54251973064458,-0.558905479104568,-0.171230668144583
17.2109375,-40.4018120098224,-40.1519502090934,1.53190828448597,1.54421794572807,-0.559798909485973,-0.172108570728068
17.29296875,-40.3669346262792,-40.1176253614159,1.53361983232558,1.5459140895393,-0.560690144825576,-0.172984402039299
17.375,-40.3321348615068,-40.0833756199733,1.53532920283773,1.54760817828748,-0.561579202837734,-0.173858178287485
17.45703125,-40.2974123591016,-40.0492006485691,1.5370364135175,1.54930022798743,-0.562466101017496,-0.174729915487429
17.5390625,-40.2627667655613,-40.0151001136604,1.53874148164599,1.55099025446408,-0.563350856645992,-0.175599629464078
17.62109375,-40.2281977302482,-39.9810736843254,1.54044442429223,1.55267827335581,-0.564233486792227,-0.176467335855807
17.703125,-40.1937049053544,-39.947121032233,1.54214525831925,1.5543643001164,-0.565114008319246,-0.177333050116396
17.78515625,-40.1592879458666,-39.913241831611,1.54384400038418,1.5560483500175,-0.565992437884177,-0.178196787517502
17.8671875,-40.1249465095319,-39.8794357592163,1.54554066694504,1.55773043815452,-0.566868791945036,-0.179058563154523
17.94921875,-40.0906802568247,-39.845702494305,1.54723527426203,1.55941057944591,-0.567743086762025,-0.179918391945912
18.03125,-40.0564888509127,-39.8120417186029,1.54892783839961,1.56108878863756,-0.568615338399612,-0.180776288637562
18.11328125,-40.0223719576251,-39.7784531162767,1.55061837523389,1.562765080306,-0.569485562733888,-0.181632267805997
18.1953125,-39.9883292454205,-39.7449363739053,1.55230690045084,1.56443946886053,-0.570353775450845,-0.18248634386053
18.27734375,-39.9543603853551,-39.7114911804522,1.55399342955263,1.56611196854482,-0.571219992052633,-0.183338531044817
18.359375,-39.9204650510517,-39.6781172272378,1.55567797785852,1.56778259344151,-0.572084227858519,-0.184188843441511
18.44140625,-39.8866429186699,-39.6448142079122,1.55736056051006,1.56945135747315,-0.572946498010056,-0.185037294973153
18.5234375,-39.8528936668753,-39.6115818184284,1.55904119247185,1.57111827440551,-0.573806817471848,-0.185883899405505
18.60546875,-39.8192169768106,-39.5784197570165,1.56071988853429,1.57278335784884,-0.574665201034295,-0.186728670348837
18.6875,-39.7856125320661,-39.5453277241573,1.56239666331942,1.57444662126223,-0.575521663319421,-0.187571621262225
18.76953125,-39.7520800186518,-39.5123054225571,1.56407153127857,1.57610807795392,-0.576376218778573,-0.188412765453919
18.8515625,-39.7186191249685,-39.4793525571226,1.56574450669999,1.57776774108438,-0.577228881699994,-0.189252116084377
18.93359375,-39.6852295417807,-39.4464688349361,1.56741560370758,1.57942562366945,-0.578079666207579,-0.190089686169455
19.015625,-39.6519109621894,-39.4136539652314,1.56908483626619,1.58108173858072,-0.578928586266186,-0.190925488580722
19.09765625,-39.6186630816049,-39.3809076593697,1.57075221818188,1.58273609854869,-0.579775655681877,-0.19175953604869
19.1796875,-39.5854855977206,-39.3482296308159,1.57241776310635,1.58438871616585,-0.580620888106349,-0.192591841165854
19.26171875,-39.5523782104874,-39.3156195951158,1.57408148453768,1.58603960388659,-0.581464297037677,-0.193422416386594
19.34375,-39.5193406220874,-39.2830772698727,1.57574339582295,1.58768877403023,-0.582305895822952,-0.19425127403023
19.42578125,-39.4863725369095,-39.2506023747252,1.57740351016263,1.589336238784,-0.583145697662625,-0.195078426283998
19.5078125,-39.4534736615242,-39.218194631325,1.57906184060888,1.59098201020422,-0.583983715608882,-0.195903885204217
19.58984375,-39.420643704659,-39.1858537633147,1.5807184000716,1.59262610021664,-0.584819962571599,-0.19672766271664
19.671875,-39.3878823771748,-39.1535794963068,1.58237320131843,1.59426852062151,-0.585654451318426,-0.197549770621506
19.75390625,-39.3551893920422,-39.1213715578619,1.58402625697699,1.59590928309264,-0.586487194476995,-0.198370220592638
19.8359375,-39.3225644643177,-39.0892296774682,1.58567757953851,1.59754839918078,-0.587318204538508,-0.199189024180777
19.91796875,-39.2900073111214,-39.0571535865207,1.5873271813575,1.59918588031484,-0.588147493857501,-0.200006192814845
20,-39.2575176516137,-39.0251430183009,1.58897507465545,1.60082173780343,-0.588975074655453,-0.200821737803425
